Date_reported,Anguilla,Argentina,Aruba,Bahamas,Barbados,Belize,Bermuda,Bonaire,Brazil,Canada,Chile,Colombia,Cuba,Cura√ßao,Dominica,Ecuador,Grenada,Guadeloupe,Guatemala,Guyana,Haiti,Honduras,Jamaica,Martinique,Mexico,Montserrat,Nicaragua,Panama,Paraguay,Peru,Saba,Suriname,Uruguay
2020-01-03,0,0,0,0,0,0,0,0,0,0,0,0,0,0,0,0,0,0,0,0,0,0,0,0,0,0,0,0,0,0,0,0,0
2020-01-04,0,0,0,0,0,0,0,0,0,0,0,0,0,0,0,0,0,0,0,0,0,0,0,0,0,0,0,0,0,0,0,0,0
2020-01-05,0,0,0,0,0,0,0,0,0,0,0,0,0,0,0,0,0,0,0,0,0,0,0,0,0,0,0,0,0,0,0,0,0
2020-01-06,0,0,0,0,0,0,0,0,0,0,0,0,0,0,0,0,0,0,0,0,0,0,0,0,0,0,0,0,0,0,0,0,0
2020-01-07,0,0,0,0,0,0,0,0,0,0,0,0,0,0,0,0,0,0,0,0,0,0,0,0,0,0,0,0,0,0,0,0,0
2020-01-08,0,0,0,0,0,0,0,0,0,0,0,0,0,0,0,0,0,0,0,0,0,0,0,0,0,0,0,0,0,0,0,0,0
2020-01-09,0,0,0,0,0,0,0,0,0,0,0,0,0,0,0,0,0,0,0,0,0,0,0,0,0,0,0,0,0,0,0,0,0
2020-01-10,0,0,0,0,0,0,0,0,0,0,0,0,0,0,0,0,0,0,0,0,0,0,0,0,0,0,0,0,0,0,0,0,0
2020-01-11,0,0,0,0,0,0,0,0,0,0,0,0,0,0,0,0,0,0,0,0,0,0,0,0,0,0,0,0,0,0,0,0,0
2020-01-12,0,0,0,0,0,0,0,0,0,0,0,0,0,0,0,0,0,0,0,0,0,0,0,0,0,0,0,0,0,0,0,0,0
2020-01-13,0,0,0,0,0,0,0,0,0,0,0,0,0,0,0,0,0,0,0,0,0,0,0,0,0,0,0,0,0,0,0,0,0
2020-01-14,0,0,0,0,0,0,0,0,0,0,0,0,0,0,0,0,0,0,0,0,0,0,0,0,0,0,0,0,0,0,0,0,0
2020-01-15,0,0,0,0,0,0,0,0,0,0,0,0,0,0,0,0,0,0,0,0,0,0,0,0,0,0,0,0,0,0,0,0,0
2020-01-16,0,0,0,0,0,0,0,0,0,0,0,0,0,0,0,0,0,0,0,0,0,0,0,0,0,0,0,0,0,0,0,0,0
2020-01-17,0,0,0,0,0,0,0,0,0,0,0,0,0,0,0,0,0,0,0,0,0,0,0,0,0,0,0,0,0,0,0,0,0
2020-01-18,0,0,0,0,0,0,0,0,0,0,0,0,0,0,0,0,0,0,0,0,0,0,0,0,0,0,0,0,0,0,0,0,0
2020-01-19,0,0,0,0,0,0,0,0,0,0,0,0,0,0,0,0,0,0,0,0,0,0,0,0,0,0,0,0,0,0,0,0,0
2020-01-20,0,0,0,0,0,0,0,0,0,0,0,0,0,0,0,0,0,0,0,0,0,0,0,0,0,0,0,0,0,0,0,0,0
2020-01-21,0,0,0,0,0,0,0,0,0,0,0,0,0,0,0,0,0,0,0,0,0,0,0,0,0,0,0,0,0,0,0,0,0
2020-01-22,0,0,0,0,0,0,0,0,0,0,0,0,0,0,0,0,0,0,0,0,0,0,0,0,0,0,0,0,0,0,0,0,0
2020-01-23,0,0,0,0,0,0,0,0,0,0,0,0,0,0,0,0,0,0,0,0,0,0,0,0,0,0,0,0,0,0,0,0,0
2020-01-24,0,0,0,0,0,0,0,0,0,0,0,0,0,0,0,0,0,0,0,0,0,0,0,0,0,0,0,0,0,0,0,0,0
2020-01-25,0,0,0,0,0,0,0,0,0,0,0,0,0,0,0,0,0,0,0,0,0,0,0,0,0,0,0,0,0,0,0,0,0
2020-01-26,0,0,0,0,0,0,0,0,0,5,0,0,0,0,0,0,0,0,0,0,0,0,0,0,0,0,0,0,0,0,0,0,0
2020-01-27,0,0,0,0,0,0,0,0,0,1,0,0,0,0,0,0,0,0,0,0,0,0,0,0,0,0,0,0,0,0,0,0,0
2020-01-28,0,0,0,0,0,0,0,0,0,1,0,0,0,0,0,0,0,0,0,0,0,0,0,0,0,0,0,0,0,0,0,0,0
2020-01-29,0,0,0,0,0,0,0,0,0,0,0,0,0,0,0,0,0,0,0,0,0,0,0,0,0,0,0,0,0,0,0,0,0
2020-01-30,0,0,0,0,0,0,0,0,0,0,0,0,0,0,0,0,0,0,0,0,0,0,0,0,0,0,0,0,0,0,0,0,0
2020-01-31,0,0,0,0,0,0,0,0,0,1,0,0,0,0,0,0,0,0,0,0,0,0,0,0,0,0,0,0,0,0,0,0,0
2020-02-01,0,0,0,0,0,0,0,0,0,0,0,0,0,0,0,0,0,0,0,0,0,0,0,0,0,0,0,0,0,0,0,0,0
2020-02-02,0,0,0,0,0,0,0,0,0,0,0,0,0,0,0,0,0,0,0,0,0,0,0,0,0,0,0,0,0,0,0,0,0
2020-02-03,0,0,0,0,0,0,0,0,0,0,0,0,0,0,0,0,0,0,0,0,0,0,0,0,0,0,0,0,0,0,0,0,0
2020-02-04,0,0,0,0,0,0,0,0,0,0,0,0,0,0,0,0,0,0,0,0,0,0,0,0,0,0,0,0,0,0,0,0,0
2020-02-05,0,0,0,0,0,0,0,0,0,1,0,0,0,0,0,0,0,0,0,0,0,0,0,0,0,0,0,0,0,0,0,0,0
2020-02-06,0,0,0,0,0,0,0,0,0,0,0,0,0,0,0,0,0,0,0,0,0,0,0,0,0,0,0,0,0,0,0,0,0
2020-02-07,0,0,0,0,0,0,0,0,0,2,0,0,0,0,0,0,0,0,0,0,0,0,0,0,0,0,0,0,0,0,0,0,0
2020-02-08,0,0,0,0,0,0,0,0,0,0,0,0,0,0,0,0,0,0,0,0,0,0,0,0,0,0,0,0,0,0,0,0,0
2020-02-09,0,0,0,0,0,0,0,0,0,0,0,0,0,0,0,0,0,0,0,0,0,0,0,0,0,0,0,0,0,0,0,0,0
2020-02-10,0,0,0,0,0,0,0,0,0,0,0,0,0,0,0,0,0,0,0,0,0,0,0,0,0,0,0,0,0,0,0,0,0
2020-02-11,0,0,0,0,0,0,0,0,0,0,0,0,0,0,0,0,0,0,0,0,0,0,0,0,0,0,0,0,0,0,0,0,0
2020-02-12,0,0,0,0,0,0,0,0,0,0,0,0,0,0,0,0,0,0,0,0,0,0,0,0,0,0,0,0,0,0,0,0,0
2020-02-13,0,0,0,0,0,0,0,0,0,0,0,0,0,0,0,0,0,0,0,0,0,0,0,0,0,0,0,0,0,0,0,0,0
2020-02-14,0,0,0,0,0,0,0,0,0,0,0,0,0,0,0,0,0,0,0,0,0,0,0,0,0,0,0,0,0,0,0,0,0
2020-02-15,0,0,0,0,0,0,0,0,0,0,0,0,0,0,0,0,0,0,0,0,0,0,0,0,0,0,0,0,0,0,0,0,0
2020-02-16,0,0,0,0,0,0,0,0,0,0,0,0,0,0,0,0,0,0,0,0,0,0,0,0,0,0,0,0,0,0,0,0,0
2020-02-17,0,0,0,0,0,0,0,0,0,1,0,0,0,0,0,0,0,0,0,0,0,0,0,0,0,0,0,0,0,0,0,0,0
2020-02-18,0,0,0,0,0,0,0,0,0,0,0,0,0,0,0,0,0,0,0,0,0,0,0,0,0,0,0,0,0,0,0,0,0
2020-02-19,0,0,0,0,0,0,0,0,0,0,0,0,0,0,0,0,0,0,0,0,0,0,0,0,0,0,0,0,0,0,0,0,0
2020-02-20,0,0,0,0,0,0,0,0,0,0,0,0,0,0,0,0,0,0,0,0,0,0,0,0,0,0,0,0,0,0,0,0,0
2020-02-21,0,0,0,0,0,0,0,0,0,0,0,0,0,0,0,0,0,0,0,0,0,0,0,0,0,0,0,0,0,0,0,0,0
2020-02-22,0,0,0,0,0,0,0,0,0,1,0,0,0,0,0,0,0,0,0,0,0,0,0,0,0,0,0,0,0,0,0,0,0
2020-02-23,0,0,0,0,0,0,0,0,0,0,0,0,0,0,0,0,0,0,0,0,0,0,0,0,0,0,0,0,0,0,0,0,0
2020-02-24,0,0,0,0,0,0,0,0,0,1,0,0,0,0,0,0,0,0,0,0,0,0,0,0,0,0,0,0,0,0,0,0,0
2020-02-25,0,0,0,0,0,0,0,0,0,0,0,0,0,0,0,0,0,0,0,0,0,0,0,0,0,0,0,0,0,0,0,0,0
2020-02-26,0,0,0,0,0,0,0,0,5,1,0,0,0,0,0,0,0,0,0,0,0,0,0,0,0,0,0,0,0,0,0,0,0
2020-02-27,0,0,0,0,0,0,0,0,0,0,0,0,0,0,0,0,0,0,0,0,0,0,0,0,0,0,0,0,0,0,0,0,0
2020-02-28,0,0,0,0,0,0,0,0,0,3,0,0,0,0,0,0,0,0,0,0,0,0,0,0,6,0,0,0,0,0,0,0,0
2020-02-29,0,0,0,0,0,0,0,0,0,0,0,0,0,0,0,5,0,0,0,0,0,0,0,0,0,0,0,0,0,0,0,0,0
2020-03-01,0,0,0,0,0,0,0,0,1,5,0,0,0,0,0,0,0,0,0,0,0,0,0,0,0,0,0,0,0,0,0,0,0
2020-03-02,0,0,0,0,0,0,0,0,0,8,0,0,0,0,0,5,0,0,0,0,0,0,0,0,3,0,0,0,0,0,0,0,0
2020-03-03,0,5,0,0,0,0,0,0,0,3,5,0,0,0,0,1,0,0,0,0,0,0,0,0,0,0,0,0,0,0,0,0,0
2020-03-04,0,0,0,0,0,0,0,0,1,0,0,0,0,0,0,0,0,0,0,0,0,0,0,0,0,0,0,0,0,0,0,0,0
2020-03-05,0,0,0,0,0,0,0,0,4,15,0,0,0,0,0,6,0,0,0,0,0,0,0,0,0,0,0,0,0,0,0,0,0
2020-03-06,0,1,0,0,0,0,0,0,1,4,4,5,0,0,0,0,0,0,0,0,0,0,0,0,0,0,0,0,0,0,0,0,0
2020-03-07,0,7,0,0,0,0,0,0,11,8,0,0,0,0,0,1,0,0,0,0,0,0,0,6,0,0,0,0,0,10,0,0,0
2020-03-08,0,3,0,0,0,0,0,0,0,3,5,0,0,0,0,0,0,0,0,0,0,0,0,0,2,0,0,0,5,0,0,0,0
2020-03-09,0,0,0,0,0,0,0,0,6,12,0,0,0,0,0,1,0,0,0,0,0,0,0,0,0,0,0,0,0,1,0,0,0
2020-03-10,0,0,0,0,0,0,0,0,0,5,3,2,0,0,0,0,0,0,0,0,0,0,5,0,0,0,0,5,0,2,0,0,0
2020-03-11,0,5,0,0,0,0,0,0,9,16,4,0,0,0,0,0,0,0,0,0,0,0,0,1,0,0,0,7,4,2,0,0,0
2020-03-12,0,2,0,0,0,0,0,0,18,0,6,6,0,0,0,2,0,0,0,0,0,6,0,0,4,0,0,2,0,6,0,0,0
2020-03-13,0,12,0,0,0,0,0,0,46,59,20,7,8,5,0,6,0,0,0,5,0,0,1,1,1,0,0,4,0,5,0,0,0
2020-03-14,0,14,0,0,0,0,0,0,23,24,18,8,0,0,0,0,0,7,0,0,0,0,6,6,14,0,0,13,1,6,0,0,0
2020-03-15,0,0,0,0,0,0,0,0,0,128,0,0,0,1,0,0,0,3,5,3,0,0,0,5,15,0,0,0,0,15,0,5,8
2020-03-16,0,11,0,0,0,0,0,0,79,0,14,10,0,0,0,14,0,0,0,0,0,0,2,1,12,0,0,16,2,28,0,0,0
2020-03-17,0,9,6,5,0,0,0,0,34,120,81,11,1,1,0,21,0,12,5,0,0,6,2,0,29,0,0,26,1,15,0,0,2
2020-03-18,0,32,2,2,6,0,6,0,57,145,82,48,5,0,0,97,0,15,0,1,0,1,1,7,11,5,0,17,2,59,0,0,23
2020-03-19,0,0,-3,0,0,0,0,0,133,163,100,11,-3,0,0,40,0,8,-1,0,0,-1,-2,5,21,0,1,19,0,85,0,0,46
2020-03-20,0,27,0,-3,-1,0,0,0,193,110,92,37,5,0,0,168,0,6,3,0,2,12,1,0,46,0,0,28,-2,0,0,-3,15
2020-03-21,0,30,0,0,0,0,0,0,283,202,0,51,0,-4,0,139,0,0,0,0,0,0,0,0,0,0,1,0,5,84,0,0,0
2020-03-22,0,0,0,0,0,0,0,0,0,0,0,0,0,0,0,0,0,0,0,0,0,0,0,0,0,0,0,0,0,0,0,0,0
2020-03-23,0,67,3,0,0,0,0,0,0,336,198,0,0,0,0,26,1,5,6,0,0,2,3,5,87,0,0,108,4,0,0,0,41
2020-03-24,0,76,4,0,13,1,0,0,1297,355,290,110,32,3,2,517,0,17,3,0,5,4,2,20,65,0,0,100,5,98,0,4,27
2020-03-25,0,0,0,0,0,0,0,0,0,0,0,0,0,0,0,0,0,0,0,0,0,0,0,0,0,0,0,0,0,0,0,0,0
2020-03-26,2,201,7,1,0,1,1,0,232,1816,384,164,19,1,9,162,6,3,3,0,1,22,5,9,162,-3,0,213,14,164,0,1,55
2020-03-27,0,0,0,0,0,0,0,0,0,0,0,0,0,0,0,0,0,0,0,0,0,0,0,0,0,0,0,0,0,0,0,0,0
2020-03-28,0,87,9,4,6,0,8,0,482,463,304,21,13,0,0,384,0,20,1,0,0,15,0,27,111,3,0,116,11,0,0,1,21
2020-03-29,0,101,18,1,0,0,2,0,502,739,299,48,39,0,0,228,0,0,7,0,0,0,4,0,128,0,2,112,4,55,0,0,36
2020-03-30,0,55,0,0,2,0,5,0,487,898,0,69,0,0,0,12,0,0,2,0,7,43,2,12,131,0,0,115,3,36,0,0,29
2020-03-31,0,75,4,4,7,1,0,0,352,662,540,94,51,4,0,127,2,10,2,-1,0,29,4,6,145,0,0,88,5,181,0,0,6
2020-04-01,0,146,5,0,0,0,5,0,323,1378,289,96,16,0,0,278,0,8,0,4,0,0,0,8,101,0,0,0,1,213,0,0,11
2020-04-02,0,88,0,1,0,0,5,0,1138,1310,293,108,26,0,0,132,0,11,3,7,1,33,2,9,121,0,1,192,4,258,0,0,18
2020-04-03,0,79,5,6,12,0,0,0,1119,1109,373,159,21,0,0,791,1,3,8,0,0,47,6,3,163,0,0,136,8,0,0,0,12
2020-04-04,1,132,2,3,0,0,3,0,1074,1618,333,96,36,0,0,0,0,2,3,0,2,3,3,7,132,0,0,158,15,91,0,2,19
2020-04-05,0,88,2,0,6,1,0,0,1146,1206,424,106,19,0,0,302,2,0,0,4,0,42,6,7,178,1,0,198,4,181,0,0,17
2020-04-06,0,98,0,4,0,1,2,0,1222,966,310,139,32,0,0,0,0,4,11,1,3,4,2,0,202,0,0,128,8,151,0,0,14
2020-04-07,0,103,0,1,5,2,0,0,852,1902,344,79,30,2,3,282,0,1,9,5,3,30,3,4,253,0,1,187,9,535,0,0,6
2020-04-08,0,74,7,4,4,0,2,0,926,1243,301,94,46,0,1,0,0,4,7,2,1,7,1,2,296,0,0,112,2,280,0,0,9
2020-04-09,0,87,3,3,3,1,0,0,1661,1384,430,201,61,1,0,703,0,0,10,2,2,7,4,1,346,2,0,149,4,393,0,0,9
2020-04-10,0,80,8,4,0,1,0,0,2210,1326,426,274,58,0,0,515,0,2,8,4,3,31,0,2,396,0,0,279,5,1388,0,0,22
2020-04-11,0,134,4,1,3,1,9,0,1930,1467,529,169,49,0,1,2196,0,2,31,0,0,39,0,0,260,1,1,224,5,914,1,0,7
2020-04-12,0,46,6,1,1,0,0,0,1781,1318,426,250,56,0,0,96,1,0,11,0,1,10,2,1,403,0,0,222,4,641,0,0,12
2020-04-13,0,0,0,0,1,3,2,0,1089,1158,286,236,49,0,0,209,0,0,16,0,0,1,4,1,375,0,2,260,1,951,1,0,7
2020-04-14,0,277,0,5,3,1,7,0,1442,1084,312,67,57,0,0,63,0,0,3,10,9,4,3,1,442,2,0,166,13,671,0,0,11
2020-04-15,0,84,0,2,1,4,0,0,1261,1360,392,76,40,0,0,74,0,2,11,0,0,10,1,0,353,0,0,72,12,0,0,0,0
2020-04-16,0,141,1,0,1,0,0,1,1832,1394,356,127,48,0,0,255,0,0,13,1,1,12,32,1,385,0,0,102,2,2784,0,0,9
2020-04-17,0,121,2,4,2,0,24,0,3058,1344,534,126,48,0,0,367,0,0,16,7,0,7,20,1,448,0,0,177,13,1172,0,0,1
2020-04-18,0,96,1,1,0,0,2,0,2105,1775,445,128,61,0,0,225,0,0,18,2,2,16,18,0,450,0,0,265,25,2014,0,0,9
2020-04-19,0,90,0,0,0,0,0,0,3257,1741,478,206,63,0,0,572,0,0,21,6,1,15,20,4,578,0,0,194,3,0,0,0,6
2020-04-20,0,55,1,4,0,0,3,0,2917,1509,358,182,49,0,0,446,0,3,22,0,0,15,10,0,622,0,0,63,4,931,0,0,9
2020-04-21,0,121,0,2,0,0,0,0,2055,1474,419,171,52,0,0,660,0,0,32,2,3,5,23,0,764,0,0,194,2,1208,0,0,11
2020-04-22,0,113,0,4,0,0,0,0,1927,1991,325,185,50,0,0,270,1,0,5,1,10,17,27,0,511,0,1,191,0,697,0,0,7
2020-04-23,0,124,3,1,0,0,12,0,2498,1549,464,172,52,0,0,452,0,0,22,1,1,16,10,1,729,0,0,163,5,1512,0,0,8
2020-04-24,0,143,0,5,1,0,1,0,2678,1890,516,207,46,0,0,333,1,0,26,0,4,9,10,6,1043,0,0,171,0,1413,0,0,6
2020-04-25,0,139,0,2,0,0,0,0,3735,1926,494,205,50,0,0,11536,0,1,42,3,10,43,14,0,1089,0,1,174,7,1664,0,0,8
2020-04-26,0,222,0,0,1,0,0,0,3503,1614,552,320,52,0,0,0,0,0,46,3,0,29,31,0,1239,0,0,172,3,734,0,0,6
2020-04-27,0,137,0,6,2,0,10,0,5514,1425,473,261,32,0,0,0,3,0,43,1,0,36,17,5,970,0,2,200,5,3683,0,0,33
2020-04-28,0,54,0,2,0,0,0,1,3379,1538,482,237,20,2,0,521,0,0,27,0,2,34,0,0,835,0,0,241,0,2186,0,0,10
2020-04-29,0,127,0,0,1,0,1,0,4613,1698,552,218,48,0,0,1018,0,0,30,0,2,41,59,0,852,0,0,242,2,1182,0,0,14
2020-04-30,0,182,0,0,0,0,1,0,5385,1349,520,352,30,0,0,417,1,2,27,1,0,36,17,0,1223,0,0,179,9,2491,0,0,5
2020-05-01,0,103,0,0,0,0,0,0,6276,1693,1138,262,34,0,0,259,1,1,28,3,0,33,15,3,1047,0,1,178,10,2741,0,0,5
2020-05-02,0,172,0,1,1,0,3,0,7218,1601,985,296,36,0,0,1402,0,0,14,4,5,33,26,1,1425,0,0,154,17,3045,0,0,13
2020-05-03,0,56,0,1,0,0,0,0,6209,1915,1427,499,74,0,0,1128,0,0,45,0,4,95,10,1,1515,0,0,188,67,3483,0,0,5
2020-05-04,0,149,0,0,0,0,1,0,4970,3793,1228,279,38,0,0,2074,1,0,44,0,0,111,31,1,1349,0,0,370,37,2075,0,0,4
2020-05-05,0,118,0,1,1,0,0,0,4588,479,980,383,19,0,0,2343,0,0,15,0,3,45,6,0,1383,0,1,107,26,3394,0,0,3
2020-05-06,0,123,1,1,0,0,0,0,6633,1315,1373,305,17,0,0,0,0,0,27,10,12,123,2,0,1434,0,0,190,35,1444,0,0,2
2020-05-07,0,154,0,5,0,0,0,0,6935,1299,1032,640,18,0,0,-2461,0,1,33,1,1,92,2,1,1120,0,1,136,9,3817,0,0,13
2020-05-08,0,229,0,3,0,0,3,0,10503,1437,1533,346,26,0,0,878,0,0,35,0,7,191,5,0,1609,0,0,208,22,3628,0,0,3
2020-05-09,0,225,0,0,0,0,0,0,9888,1504,1391,497,12,0,0,0,0,1,34,0,21,224,10,1,1982,0,0,137,101,3709,0,0,11
2020-05-10,0,150,0,0,0,0,0,0,10222,1381,1247,595,13,0,0,-1480,0,0,68,0,17,86,2,3,1906,0,0,202,126,3321,0,0,10
2020-05-11,0,244,0,0,2,0,0,0,10611,1216,1647,444,12,0,0,741,0,0,67,4,5,59,8,1,1938,0,0,212,24,3168,0,0,8
2020-05-12,0,110,0,0,0,0,0,0,6760,1160,1197,568,17,0,0,-50,0,0,85,7,31,142,4,0,1562,0,0,166,11,2292,0,0,5
2020-05-13,0,244,0,1,0,0,1,0,5632,1186,1658,550,21,0,0,910,0,1,62,5,27,128,3,0,1305,0,0,168,13,1515,0,0,4
2020-05-14,0,285,0,0,1,0,2,0,9258,1144,2660,659,6,0,0,67,0,0,85,4,10,-20,2,2,1997,0,9,0,3,3237,0,0,6
2020-05-15,0,410,0,1,0,0,0,0,11385,1050,2659,658,20,0,0,16,0,0,143,0,15,175,2,0,1862,0,0,328,14,4247,0,0,2
2020-05-16,0,161,0,2,0,0,1,0,13944,1293,0,680,10,0,0,0,1,0,176,0,39,63,0,0,2409,0,0,174,5,4298,0,0,5
2020-05-17,0,345,0,0,0,0,1,0,15305,1164,4388,606,22,0,0,965,0,0,125,3,37,142,2,3,2437,0,0,150,19,3891,0,0,8
2020-05-18,0,326,0,0,1,0,0,0,14919,1211,2353,723,10,0,0,1256,0,0,120,1,48,105,6,0,2112,0,0,181,8,4046,0,0,2
2020-05-19,0,263,0,0,2,0,0,0,7938,1102,2278,635,9,0,0,459,0,0,149,0,98,81,3,0,2075,0,0,157,2,3732,0,1,0
2020-05-20,0,303,0,0,0,0,2,0,13140,1193,0,721,6,0,0,969,0,0,89,7,77,152,0,0,2414,0,0,120,41,2660,0,0,3
2020-05-21,0,438,0,0,2,0,0,0,17408,1003,7558,640,13,0,0,0,0,0,132,1,63,157,0,0,2713,0,254,141,4,4550,0,0,1
2020-05-22,0,474,0,1,0,0,0,0,19951,1053,0,752,8,0,0,703,0,0,132,0,67,145,9,0,2248,0,0,110,3,4537,0,0,8
2020-05-23,0,648,0,0,0,0,0,0,18508,1210,8240,643,8,0,0,974,0,0,247,2,71,104,5,5,2973,0,0,139,2,4749,0,0,3
2020-05-24,0,718,0,0,0,0,3,0,20803,1127,3536,801,15,0,0,430,0,1,231,0,78,273,10,0,2960,0,0,151,12,2929,0,0,4
2020-05-25,0,704,0,3,2,0,5,0,16508,1189,3709,1046,10,1,0,498,0,0,311,0,53,266,6,0,3329,0,0,310,12,4056,0,0,11
2020-05-26,0,723,0,0,0,0,0,0,15813,1022,4895,998,6,0,0,599,0,5,370,8,93,207,2,0,2764,0,0,349,3,4205,1,0,5
2020-05-27,0,552,0,0,0,0,0,0,11687,895,3964,806,16,1,0,301,1,0,336,2,105,239,4,0,2485,0,0,257,12,4020,0,0,18
2020-05-28,0,600,0,0,0,0,6,0,16324,941,4328,1022,11,0,0,447,0,0,194,2,111,212,8,0,3455,0,480,264,7,5772,0,0,2
2020-05-29,0,705,0,0,0,0,0,0,20599,963,4654,1101,9,2,0,368,0,0,191,0,146,239,5,0,3463,0,126,281,16,6154,0,1,14
2020-05-30,0,769,0,1,0,0,1,0,26417,954,3695,1262,22,0,0,100,0,1,203,11,123,112,0,0,3377,0,0,403,17,5874,0,0,8
2020-05-31,0,0,0,0,0,0,0,0,26928,885,4220,1322,20,0,0,0,0,0,259,0,141,134,6,3,3227,0,0,400,47,6506,0,0,5
2020-06-01,0,1512,0,0,0,0,0,0,33274,775,4830,1548,20,0,0,527,0,0,132,2,281,208,6,0,2885,0,0,487,22,7386,0,2,5
2020-06-02,0,637,0,1,0,0,0,0,16409,835,5471,1147,38,0,0,0,0,0,348,1,259,108,0,0,3152,0,0,445,9,8805,0,13,2
2020-06-03,0,564,0,0,0,0,1,0,11598,800,3527,1110,9,0,0,1316,0,0,249,0,102,160,7,0,2771,0,65,374,18,5563,0,26,2
2020-06-04,0,904,0,0,0,0,0,0,28936,597,4942,1340,15,0,0,552,0,0,250,0,281,165,2,0,3891,0,359,258,57,4845,0,1,1
2020-06-05,0,949,0,0,0,0,0,0,28633,693,4664,1521,12,1,0,0,0,0,174,0,97,163,0,0,3912,0,0,514,16,4030,0,28,2
2020-06-06,0,929,0,0,0,0,0,0,30925,629,4207,1766,14,0,0,1140,0,2,394,0,36,190,1,0,4442,0,0,435,1,4284,0,0,4
2020-06-07,0,840,0,1,0,1,0,0,30830,265,5246,1515,40,0,0,622,0,0,331,0,284,91,4,2,4346,0,0,419,3,4202,0,8,2
2020-06-08,0,983,0,0,0,0,0,0,27075,722,6405,1392,18,0,0,392,0,0,307,1,148,184,1,0,3593,0,0,541,45,4358,0,11,11
2020-06-09,0,774,0,0,0,0,0,0,18912,642,4696,1209,9,0,0,258,0,0,263,0,262,172,2,0,3484,0,0,421,10,4757,0,27,0
2020-06-10,0,826,0,0,0,0,0,0,15654,545,3913,1483,5,0,0,539,0,0,447,0,204,123,0,0,2999,0,0,429,42,3181,0,5,0
2020-06-11,0,1141,0,0,4,1,0,0,32091,409,5737,1359,6,1,0,523,0,0,364,2,124,485,0,0,4199,0,346,379,15,4040,0,4,1
2020-06-12,0,1226,0,0,0,0,0,0,32913,472,5596,1604,8,0,0,0,0,0,355,0,134,425,0,0,4883,0,0,656,28,5087,0,7,1
2020-06-13,0,1386,0,0,0,0,0,0,30412,405,6754,1530,14,0,2,1338,0,7,340,2,145,309,13,0,4790,0,0,697,24,5965,0,24,0
2020-06-14,0,1391,0,0,0,0,1,0,25982,413,6509,1646,5,0,0,578,0,0,421,1,0,463,3,0,5222,0,0,625,7,5961,0,19,0
2020-06-15,0,1531,0,0,0,1,2,0,21704,467,6938,1888,10,0,0,395,0,0,509,0,224,323,1,0,3494,0,0,848,28,4383,0,0,0
2020-06-16,0,1282,0,1,1,0,0,0,17110,377,5143,2193,14,0,0,571,0,0,354,0,144,403,2,0,4147,0,0,627,7,4604,0,21,1
2020-06-17,0,1208,0,0,0,0,0,0,20647,360,5013,2124,11,0,0,621,0,0,427,0,132,320,4,0,3427,0,0,736,7,3256,0,28,0
2020-06-18,0,1374,0,0,0,1,0,0,34918,320,36179,1868,7,1,0,547,0,0,434,12,106,478,0,0,4599,0,359,540,5,4164,0,6,1
2020-06-19,0,1393,0,0,0,0,0,0,32188,386,4475,2115,15,0,0,607,0,0,545,12,141,643,5,19,4930,0,0,635,22,3752,0,19,0
2020-06-20,0,1958,0,0,0,0,0,0,22765,367,6290,3171,10,0,0,634,0,3,617,0,228,440,12,0,5662,0,0,754,6,3480,0,16,1
2020-06-21,0,2060,0,0,0,0,2,0,54771,409,5355,3059,4,0,0,452,0,0,641,0,64,519,14,15,5030,0,0,923,26,3537,0,16,3
2020-06-22,0,1634,0,0,0,0,0,0,34666,390,5607,2357,3,0,0,457,0,0,246,0,97,1048,5,0,4717,0,0,948,17,3413,0,9,6
2020-06-23,0,1581,0,0,0,0,0,0,17459,318,4608,3019,3,0,0,275,0,0,390,1,134,519,2,0,5343,0,0,808,13,3598,0,16,17
2020-06-24,0,2146,0,0,0,1,0,0,21432,300,3804,2531,3,1,0,728,0,0,624,21,5,531,6,0,4577,0,0,722,30,2511,0,1,6
2020-06-25,0,2285,0,0,0,0,0,0,39436,326,3649,2389,1,0,0,691,0,0,771,1,108,587,5,0,6288,0,0,562,106,3363,0,0,3
2020-06-26,0,2635,0,0,0,0,0,0,42725,279,4648,3541,2,0,0,822,0,0,279,3,105,628,8,0,5437,0,0,716,41,3879,0,38,17
2020-06-27,0,2606,0,0,0,0,0,0,39483,380,4296,3486,4,-1,0,700,0,8,800,6,114,795,6,0,6104,0,0,1007,142,3913,0,16,5
2020-06-28,0,2886,0,0,0,1,0,0,46860,172,4406,3843,5,0,0,718,0,0,209,15,179,628,2,6,5441,0,0,868,0,3762,0,18,12
2020-06-29,0,2401,0,0,0,0,0,0,38693,238,4216,4149,2,0,0,681,0,0,569,0,0,1013,0,0,4410,0,0,753,231,3625,0,76,5
2020-06-30,0,2189,0,0,0,0,0,0,30476,218,4017,3178,8,1,0,410,0,0,533,0,125,1075,10,0,4050,0,0,1028,185,3430,0,25,5
2020-07-01,0,2335,2,0,0,0,0,0,24052,668,3394,3274,1,1,0,677,0,0,479,5,86,736,2,0,3805,0,0,1099,94,2946,0,23,3
2020-07-02,0,2262,0,0,0,4,0,0,33846,286,2650,2803,7,0,0,0,0,0,687,10,42,740,4,0,5432,0,168,765,39,2848,0,2,4
2020-07-03,0,2667,0,0,0,0,0,0,46712,0,2498,4163,5,0,0,3126,0,0,915,3,65,704,5,0,5681,0,0,913,43,3264,0,18,7
2020-07-04,0,2744,1,0,0,0,0,0,48105,568,3548,4101,8,0,0,1189,0,0,1061,2,61,858,8,0,6741,0,0,774,46,3527,0,12,4
2020-07-05,0,2845,0,0,0,2,0,0,42223,319,3758,3395,8,0,0,878,0,2,1221,6,129,996,6,7,6740,0,0,758,36,3595,0,18,5
2020-07-06,0,2590,0,0,0,0,0,0,37923,226,3685,3884,3,0,0,423,0,0,1208,16,64,805,7,0,6914,0,0,988,42,3481,0,18,3
2020-07-07,0,2439,1,0,1,0,0,0,26051,219,3025,3721,8,0,0,422,0,0,747,1,39,1022,4,0,4683,0,0,1166,29,3638,0,21,1
2020-07-08,0,2632,0,0,0,0,0,0,20229,399,2462,3171,15,0,0,865,0,0,724,5,38,722,5,0,4902,0,0,1185,46,2985,0,10,4
2020-07-09,0,2979,0,0,0,0,3,0,45305,232,2064,4213,4,0,0,0,0,0,815,6,61,763,8,0,6258,0,229,957,52,3575,0,21,5
2020-07-10,0,3604,0,2,0,0,0,0,44571,267,3133,4144,4,0,0,1773,0,0,624,1,54,550,6,0,6995,0,0,960,84,3633,0,36,9
2020-07-11,0,3663,0,1,0,3,0,0,42619,371,3058,5335,10,0,0,783,0,6,1247,1,96,406,2,0,7280,1,0,965,98,3537,0,55,3
2020-07-12,0,3367,0,1,0,4,1,0,45048,321,2755,6803,7,0,0,1408,0,0,961,4,35,669,0,6,6891,0,0,1041,0,3198,0,3,8
2020-07-13,0,3449,0,3,5,0,0,0,39023,221,3012,4586,6,0,0,661,0,0,979,1,73,530,5,0,6094,0,0,1075,84,3064,0,12,1
2020-07-14,0,2657,0,0,0,0,0,2,24831,243,2616,5083,2,1,0,589,0,0,757,6,37,507,0,0,4482,0,0,1301,160,3616,0,21,1
2020-07-15,0,3099,0,2,0,0,0,0,20286,565,1836,3832,4,0,0,1111,0,0,387,3,0,489,1,0,4685,0,301,1540,0,3797,0,18,2
2020-07-16,0,3645,1,3,0,2,0,1,41857,331,1712,5621,6,0,0,759,0,0,1130,8,104,527,3,0,7051,0,0,923,94,3744,0,21,8
2020-07-17,0,4250,0,3,1,0,0,0,39924,343,2493,5271,2,0,0,1036,0,0,1202,5,71,930,1,0,6149,0,0,1147,124,3857,0,48,12
2020-07-18,0,3623,2,5,0,1,2,0,45403,435,2841,8037,4,2,0,1079,0,5,865,2,46,831,2,6,6406,0,0,1130,144,3862,0,70,17
2020-07-19,0,4518,0,5,0,0,0,0,34177,405,2307,8934,1,0,0,938,0,0,870,5,27,878,3,1,7257,0,0,1035,115,3951,0,24,11
2020-07-20,0,3223,0,9,1,0,1,0,28532,330,2084,8560,1,0,0,631,0,0,4233,7,78,1048,6,0,7615,0,0,853,172,3963,0,58,7
2020-07-21,0,4231,5,15,0,0,0,0,23529,339,2099,6578,0,0,0,607,0,0,997,9,10,1042,16,0,5311,0,0,1207,92,4090,0,28,10
2020-07-22,0,4019,2,21,1,2,0,0,20257,786,1654,6727,3,0,0,1597,0,0,1190,1,37,776,19,0,5172,0,292,958,27,4091,0,50,10
2020-07-23,0,5344,2,20,0,1,0,0,41008,573,1719,7033,13,0,0,1040,0,0,906,2,46,734,1,0,6859,0,0,727,69,4406,0,52,32
2020-07-24,0,5782,0,25,0,0,0,0,67860,543,2357,7390,4,0,0,891,0,0,1057,11,21,757,6,0,6019,0,0,753,183,4463,0,45,21
2020-07-25,0,6127,0,55,0,4,0,0,59961,432,2545,7945,3,1,0,901,0,8,1091,1,30,800,5,7,8438,0,0,911,113,4546,0,58,24
2020-07-26,0,5493,0,42,2,1,0,0,55891,534,2288,7168,9,0,0,987,0,0,1209,1,63,657,10,0,7573,0,0,1176,111,4865,0,71,25
2020-07-27,0,4801,0,10,0,0,1,0,51147,350,2198,7254,17,0,0,658,0,0,561,8,37,879,6,0,6751,1,0,871,104,3923,0,76,8
2020-07-28,0,4205,2,16,2,0,0,0,24578,355,2133,8181,37,0,0,467,0,0,6,10,18,838,5,0,5480,0,0,1432,116,4913,0,58,18
2020-07-29,0,4890,0,40,0,0,0,0,23284,686,1877,8125,23,0,0,1118,0,0,1392,19,25,465,11,0,4973,0,76,1146,104,4920,0,44,10
2020-07-30,0,5939,0,65,0,0,2,0,40816,397,1775,10284,33,0,0,914,0,41,1154,7,31,719,2,0,7208,0,0,781,126,5288,0,27,16
2020-07-31,0,5641,0,37,0,0,0,0,69074,476,1961,8670,9,0,0,1177,1,0,1221,2,7,484,1,0,5752,0,0,1046,192,5678,0,97,19
2020-08-01,0,6377,1,24,0,0,0,0,57837,329,2131,9965,11,0,0,985,0,0,963,3,34,482,8,0,7730,0,0,922,341,6809,0,43,6
2020-08-02,0,5929,0,0,0,0,0,0,52383,513,1991,9488,25,0,0,877,0,21,1190,12,12,588,14,0,8458,0,0,1065,131,0,0,56,22
2020-08-03,0,5241,0,66,12,8,0,0,45392,287,2073,10673,13,0,0,0,0,0,327,17,44,671,5,0,9556,0,0,1127,147,14691,2,54,13
2020-08-04,0,5376,2,74,10,1,1,0,25800,285,1762,11470,24,0,0,809,0,0,236,44,8,512,11,0,4853,0,0,1070,159,6667,0,89,8
2020-08-05,0,4824,2,31,0,0,0,0,16641,147,1469,10199,31,0,0,922,0,7,823,0,35,597,11,0,4767,0,186,1003,80,4250,0,44,5
2020-08-06,0,6792,8,36,1,10,0,0,51603,761,1761,7129,25,0,0,903,0,0,1144,23,21,505,15,0,6148,0,0,968,128,6790,0,88,9
2020-08-07,0,7147,39,36,0,19,0,0,57152,395,1948,10735,49,2,0,1671,0,7,830,12,12,799,8,7,6139,0,0,807,208,7734,0,69,9
2020-08-08,0,7513,92,10,0,28,0,0,53139,374,2154,11996,54,0,0,1432,0,0,931,29,38,657,30,0,6590,0,0,1187,315,7785,0,46,9
2020-08-09,0,7482,0,69,5,32,1,0,50230,424,2198,9486,59,0,0,1603,0,11,919,0,17,880,29,60,6717,0,0,1142,133,8466,0,107,7
2020-08-10,0,6134,0,48,4,7,0,0,49970,236,2033,9674,65,0,0,887,0,0,416,16,12,338,16,0,6495,0,0,1091,197,7137,0,103,10
2020-08-11,0,4688,300,20,0,1,0,0,23010,230,1988,10611,93,1,0,242,0,0,382,14,23,481,20,0,4376,0,0,841,202,7012,0,85,18
2020-08-12,0,7369,67,47,1,23,1,0,22048,681,1572,10142,47,0,0,862,0,27,979,0,15,418,8,0,5558,0,147,902,327,5109,0,98,11
2020-08-13,0,7043,87,44,0,33,0,0,52160,289,1552,12830,35,0,0,1547,0,0,1123,34,94,531,16,0,6686,0,0,1070,285,6547,0,70,21
2020-08-14,0,7663,81,47,1,86,0,0,55155,423,1866,12066,46,0,0,1233,0,50,1195,21,38,254,18,0,5858,0,0,913,499,8875,0,94,8
2020-08-15,0,7498,96,53,0,60,0,0,60091,390,2077,11286,55,0,0,1066,0,79,1144,8,29,385,6,0,7371,0,0,1069,371,9441,0,108,16
2020-08-16,0,6365,0,30,4,32,0,0,50644,418,1791,11306,63,0,0,1279,0,0,885,18,21,425,11,0,5618,0,0,956,633,8300,0,77,12
2020-08-17,0,6663,0,133,3,64,3,0,41576,237,2044,11578,24,0,0,854,0,0,249,25,48,512,24,0,6345,0,0,1263,359,9507,0,123,13
2020-08-18,0,5469,208,63,1,0,0,0,23101,198,1556,11643,48,1,0,209,0,64,382,35,18,523,7,14,4448,0,0,1275,410,10143,0,55,6
2020-08-19,0,4557,19,14,0,23,4,0,19373,785,1353,8328,44,2,0,1190,0,0,903,0,24,493,16,0,3571,0,127,603,344,5547,0,61,17
2020-08-20,0,6840,84,95,3,78,0,0,47784,282,1182,12462,74,0,0,1534,0,0,1034,28,28,675,17,0,5506,0,0,247,471,7828,0,139,28
2020-08-21,0,6693,91,107,0,0,0,0,49298,336,1812,13056,83,0,0,1033,0,0,1102,39,48,626,46,0,5792,0,0,964,527,9099,0,79,8
2020-08-22,0,8225,91,79,2,52,0,0,45323,383,1920,11541,17,2,1,973,0,0,958,70,19,523,98,0,6775,0,0,101,684,8639,0,71,13
2020-08-23,0,8159,0,93,0,43,1,0,30355,499,1939,8419,35,0,0,608,0,261,915,35,34,562,56,114,5928,0,0,537,719,9008,0,94,10
2020-08-24,0,7759,0,62,4,20,0,0,50032,257,1957,10965,65,0,0,680,0,0,332,44,32,602,67,0,6482,0,0,1088,438,9169,0,109,5
2020-08-25,0,5352,181,0,0,18,0,0,23421,267,1903,8044,35,2,1,520,0,0,345,30,28,528,116,0,3948,0,0,1420,259,9090,0,38,6
2020-08-26,0,8713,60,33,0,27,1,0,17078,751,1417,10549,27,8,0,741,0,0,1118,74,2,968,83,0,3541,0,119,585,369,6112,0,25,6
2020-08-27,0,8771,42,15,3,17,0,0,47134,322,1380,10432,15,2,0,1519,0,164,1063,31,10,398,120,132,4916,0,0,896,626,6944,0,66,3
2020-08-28,0,10550,90,110,1,30,0,1,47161,448,1737,10142,47,4,0,670,0,0,1142,33,29,772,72,0,5267,0,0,701,644,5996,0,26,7
2020-08-29,0,10104,88,97,0,58,0,0,44235,431,1870,9752,60,2,0,922,0,0,1065,47,10,1020,66,0,6026,0,0,900,418,8619,0,69,8
2020-08-30,0,11717,0,37,1,52,0,0,43412,510,2037,8498,59,0,0,765,0,0,758,40,13,1141,141,0,5824,0,0,642,584,7964,0,55,5
2020-08-31,0,9230,0,78,7,94,1,1,41350,315,1965,9394,48,0,0,742,0,210,233,4,35,835,102,0,5974,0,0,713,600,9474,0,106,14
2020-09-01,0,7187,149,32,0,29,0,0,16158,267,1752,8024,59,13,0,119,0,0,162,50,15,529,244,0,4129,0,0,728,631,7731,0,55,15
2020-09-02,0,9309,9,50,1,14,3,2,45961,1008,1419,7230,33,1,0,542,0,124,819,72,0,840,102,19,3719,0,114,917,557,4871,0,25,10
2020-09-03,0,10504,98,59,2,43,0,0,42659,477,1594,8901,61,2,0,1148,0,0,751,67,34,755,224,132,6476,0,0,570,676,5092,0,55,16
2020-09-04,0,10933,107,61,1,51,0,0,46934,498,1762,9270,88,4,0,903,0,94,714,9,0,757,140,7,4921,0,0,532,800,6308,0,60,15
2020-09-05,0,12026,81,49,0,17,2,0,43773,570,1968,8235,52,3,2,815,0,0,682,19,68,632,73,0,5937,0,0,830,821,6708,0,66,10
2020-09-06,0,10684,0,90,1,34,1,0,51194,631,1965,8488,32,0,0,870,0,0,441,15,0,640,68,4,6196,0,0,682,695,6703,0,37,17
2020-09-07,0,9924,0,0,1,42,0,1,30168,371,2076,8394,11,0,0,-8956,0,0,202,43,34,554,60,0,6319,0,0,709,1217,6854,0,68,16
2020-09-08,0,6986,157,70,0,67,0,0,14521,400,1764,8065,43,14,0,1003,0,0,145,9,0,412,79,0,4614,0,0,738,615,6275,0,26,10
2020-09-09,0,9215,33,39,1,46,0,0,10273,247,1267,5327,25,15,0,665,0,924,893,92,2,50,80,0,3486,0,104,535,867,1598,0,14,14
2020-09-10,0,12027,107,72,0,54,2,0,14279,1606,1486,7665,82,9,2,1409,0,0,901,53,14,404,140,181,5351,0,0,829,861,4615,0,59,19
2020-09-11,0,12259,141,64,0,4,0,0,35816,546,1642,7338,92,0,0,1040,0,0,684,90,53,379,114,0,4647,0,0,635,812,6586,0,28,29
2020-09-12,0,11905,89,93,0,34,0,0,40557,630,1866,7813,42,19,0,0,0,0,703,47,28,205,74,0,4857,0,0,673,605,7291,0,30,18
2020-09-13,0,11507,0,60,0,36,0,0,43718,702,2131,7424,60,0,0,1526,0,793,649,13,0,247,0,0,5935,0,0,615,881,6603,0,52,14
2020-09-14,0,10776,0,54,1,23,0,1,33523,515,2082,6876,31,0,0,3862,0,0,251,49,21,1087,260,0,5674,0,0,711,812,6162,0,50,7
2020-09-15,0,9056,227,46,2,22,0,1,14768,518,1685,7355,42,22,0,317,0,0,263,41,15,653,162,0,4408,0,0,704,493,6787,0,3,28
2020-09-16,0,9909,14,34,0,21,0,4,15155,1351,1550,5573,77,12,0,642,0,0,512,31,6,831,109,0,3335,0,102,459,670,4241,0,29,4
2020-09-17,0,11892,92,24,1,27,0,4,36653,793,1304,6698,73,23,0,1972,0,346,240,74,31,0,122,183,4771,0,0,628,811,4160,0,14,15
2020-09-18,0,11674,176,55,1,8,1,0,36820,944,1863,7787,57,18,0,732,0,0,740,26,26,1040,210,0,4444,0,0,634,1121,6380,0,20,29
2020-09-19,0,12701,54,90,0,31,0,0,36303,1120,1677,7568,71,0,0,0,0,0,680,43,0,460,197,0,3182,0,0,672,694,5698,0,26,20
2020-09-20,0,11945,0,0,0,23,0,0,39797,1044,1847,6526,51,0,0,3363,0,0,808,75,44,491,187,0,4841,0,0,741,1014,6314,0,20,14
2020-09-21,0,9276,0,138,0,16,2,20,33057,863,1600,7927,36,0,0,799,0,0,292,66,0,532,230,0,5167,0,0,722,888,6453,0,18,14
2020-09-22,0,8431,169,55,4,21,0,7,16389,875,1194,6678,50,72,0,292,0,0,237,101,24,473,155,0,3542,0,0,602,505,6030,0,14,13
2020-09-23,0,8782,36,48,0,8,0,5,13439,1766,1055,5359,81,0,0,932,0,1061,942,133,0,459,127,0,2917,0,86,607,740,4001,0,17,10
2020-09-24,0,12027,78,49,0,34,0,8,33536,1248,1380,7102,48,9,0,2339,0,0,819,35,22,231,125,168,4683,0,0,474,568,3650,0,19,7
2020-09-25,0,12625,56,151,0,37,1,7,33281,1090,1731,6731,40,10,0,1164,0,0,491,98,0,369,193,0,4786,0,0,706,743,6149,0,20,12
2020-09-26,0,13467,35,81,0,52,0,0,32817,1341,2234,6555,40,14,0,1329,0,0,945,44,38,518,135,0,5408,0,0,736,833,6235,0,10,13
2020-09-27,0,12969,0,91,1,50,0,0,31911,1362,2111,7494,62,0,0,1506,0,467,824,130,0,647,131,8,5401,0,0,705,822,5654,0,28,8
2020-09-28,0,11249,0,48,0,17,0,21,28378,1215,1922,7721,45,0,6,766,0,0,390,16,39,708,163,0,5573,0,0,677,696,5558,0,14,31
2020-09-29,0,8841,88,0,0,29,0,9,14318,1454,1770,7018,26,45,0,218,0,0,171,47,17,561,153,0,3886,0,0,447,762,5160,0,4,10
2020-09-30,0,11807,28,65,0,37,0,1,13155,2176,1629,5147,48,4,0,784,0,0,705,15,0,428,238,0,3400,0,81,722,748,3412,0,1,2
2020-10-01,0,13477,62,119,0,52,0,5,32058,1660,1691,5839,66,6,0,1298,0,574,778,59,26,561,74,245,4446,0,0,576,669,3054,0,27,23
2020-10-02,0,14392,29,101,0,49,0,0,33413,1797,1759,5637,73,22,1,1537,0,0,663,48,0,802,73,0,5053,0,0,742,657,3061,0,14,13
2020-10-03,0,14001,35,97,3,34,0,0,36157,1777,1840,5660,48,7,0,950,0,375,681,35,26,698,149,0,5099,0,0,747,1041,3468,0,14,15
2020-10-04,0,14687,0,112,3,54,0,0,33431,2124,1881,6192,62,0,0,817,0,0,658,39,0,671,91,0,4775,0,0,620,885,3267,0,8,36
2020-10-05,0,11129,0,77,0,51,0,10,26310,1812,1708,6616,29,0,0,683,0,0,215,37,27,519,100,0,4863,0,0,691,768,3421,0,25,25
2020-10-06,0,7668,81,43,3,65,0,10,8456,1685,1567,6905,36,53,0,305,0,0,219,88,0,841,117,0,3712,0,0,633,730,3184,0,17,23
2020-10-07,0,11242,15,107,1,8,0,4,11946,2804,1560,7106,38,10,0,717,0,0,688,95,0,391,97,0,3417,0,79,633,533,1830,0,13,10
2020-10-08,0,14740,14,73,3,39,0,2,41906,2363,1134,7650,15,14,0,1475,0,416,834,0,19,642,82,308,4476,0,0,683,932,2930,0,11,22
2020-10-09,0,16447,25,81,0,67,1,1,31553,1800,1576,7875,19,29,1,1514,0,0,776,104,16,498,82,0,4462,0,0,698,788,2733,0,14,29
2020-10-10,0,15454,17,151,0,63,2,0,27750,2436,1753,8496,26,27,0,0,0,0,455,37,0,512,90,0,30468,0,0,754,881,2952,0,25,20
2020-10-11,0,15099,0,91,2,54,0,0,27444,2558,1826,8121,5,0,0,1783,0,164,609,29,6,880,196,0,5263,0,0,787,959,4741,0,14,25
2020-10-12,0,12414,0,68,1,69,0,1,26749,2062,1776,8447,30,0,0,0,0,0,171,47,22,594,159,0,4577,0,0,825,703,2733,0,17,17
2020-10-13,0,10324,44,55,2,35,0,0,12342,1685,1517,8569,22,51,0,487,0,0,111,64,0,935,95,0,3175,0,0,647,697,3283,0,16,26
2020-10-14,0,9524,3,85,0,38,0,0,8429,975,1392,7767,17,2,0,856,1,0,554,52,5,332,97,0,3542,0,72,489,669,1800,0,7,19
2020-10-15,0,13305,32,28,2,16,1,0,10220,4042,1092,5015,18,34,0,912,0,425,714,44,21,439,79,406,4295,0,0,494,853,2803,0,14,24
2020-10-16,0,14932,26,194,5,34,0,0,27235,2506,1124,6061,27,26,1,1277,0,0,671,24,0,606,78,0,4056,0,0,832,648,2977,0,11,51
2020-10-17,0,17096,30,132,3,63,0,0,28523,2345,1694,6823,56,28,0,1299,0,214,666,31,17,631,65,9,5514,0,0,755,751,2789,0,11,29
2020-10-18,0,16546,0,111,1,46,0,0,30914,2374,1813,8372,52,0,0,763,2,0,597,52,0,602,63,0,6751,0,0,615,886,2677,0,19,33
2020-10-19,0,13510,0,75,0,47,0,0,24062,2215,1757,7017,50,0,0,867,0,0,332,38,0,903,79,0,5447,0,0,609,533,3132,0,10,51
2020-10-20,0,10561,37,70,3,38,0,0,10982,1827,1545,7201,38,71,0,134,0,0,239,24,0,841,47,0,4119,0,0,638,709,3126,0,7,30
2020-10-21,0,12982,12,150,0,20,3,0,15383,3289,1173,6311,47,7,0,692,0,0,620,31,51,946,53,0,3699,0,65,436,728,2201,0,3,29
2020-10-22,0,18735,21,128,0,53,0,0,23227,2251,1159,8256,63,8,0,1510,0,207,196,31,3,851,71,528,5788,0,0,558,621,3242,0,11,63
2020-10-23,0,15928,14,84,2,51,0,0,24818,2672,1494,7561,53,25,0,826,0,0,757,54,0,846,155,0,6845,0,0,696,746,2767,0,6,40
2020-10-24,0,16325,20,133,0,58,2,0,24858,2788,1775,8570,58,19,4,0,0,0,730,27,20,431,38,0,6612,0,0,792,707,2991,0,4,38
2020-10-25,0,15718,0,0,3,55,0,0,30026,2584,1636,8672,55,0,1,3163,0,0,730,83,16,373,32,0,6604,0,0,639,733,3240,0,1,58
2020-10-26,0,11968,0,142,3,56,0,0,26979,2227,1521,8769,32,0,0,2021,1,145,155,34,11,842,44,6,6025,0,0,649,784,3098,0,11,48
2020-10-27,0,9253,31,56,3,39,0,0,13493,2145,1535,8174,29,55,0,543,0,0,107,29,0,490,35,0,4360,0,0,685,551,2501,0,4,44
2020-10-28,0,11712,2,36,0,55,3,0,15726,4109,927,9167,83,15,0,1014,0,0,677,3,0,752,38,0,4166,0,62,551,515,1859,0,10,21
2020-10-29,0,14308,15,47,0,32,1,3,29787,2674,1005,8166,49,11,0,1716,0,131,749,35,20,657,64,752,5942,0,0,671,448,1923,0,7,44
2020-10-30,0,13924,18,58,2,29,4,0,28629,2699,1520,8717,39,23,4,1394,0,0,470,13,8,576,76,0,5595,0,0,825,733,2431,0,5,65
2020-10-31,0,13267,17,37,1,121,1,0,26106,2956,1521,11187,35,37,0,845,0,137,549,24,0,951,78,266,5948,0,0,798,760,2666,0,5,63
2020-11-01,0,13379,0,0,0,80,0,0,22282,3457,1685,10029,86,0,8,1045,0,0,600,45,0,738,89,0,6000,0,0,822,546,2586,0,4,38
2020-11-02,0,9745,0,91,1,25,0,0,18947,2512,1608,11033,48,0,0,1002,0,0,165,19,0,516,37,0,6151,0,0,731,589,2323,0,2,42
2020-11-03,0,6609,47,24,0,90,7,0,10100,2330,1324,9137,35,43,0,368,0,0,0,46,0,808,126,0,4430,0,0,738,546,2408,0,7,25
2020-11-04,0,9598,5,31,1,47,0,0,8501,3422,1014,9935,65,8,0,548,1,0,379,30,0,193,39,0,3763,0,56,579,425,1634,0,2,16
2020-11-05,0,13281,14,53,0,166,0,0,11843,4672,840,6136,109,5,0,1323,0,161,664,7,46,283,30,397,5250,0,0,677,472,2357,0,6,31
2020-11-06,0,9516,15,39,1,115,0,1,23976,2768,1540,8692,40,21,0,350,1,0,702,79,9,436,47,0,5225,0,0,432,630,2885,0,2,49
2020-11-07,0,11100,11,34,0,72,1,0,22294,3635,1808,9893,44,9,0,725,0,0,653,69,0,223,53,0,5567,0,0,543,520,2935,0,5,64
2020-11-08,0,11786,0,0,3,39,2,0,18862,4471,1587,9756,39,0,13,978,0,0,548,64,18,229,46,0,5931,0,0,1193,703,2781,0,2,61
2020-11-09,0,8037,0,31,1,60,0,0,22380,4246,1581,8714,30,0,0,1421,0,0,212,27,0,465,34,0,6810,0,0,746,460,2507,0,7,71
2020-11-10,0,5331,36,37,0,100,5,0,10554,4058,1321,7440,52,67,0,362,2,0,98,30,0,467,36,0,5887,0,0,1021,648,2323,0,5,73
2020-11-11,0,8317,6,28,0,54,0,0,10917,4622,1028,5176,43,5,0,442,0,0,769,10,10,65,31,0,4960,0,53,804,359,1194,0,2,46
2020-11-12,0,11977,16,48,0,184,1,1,25012,4302,897,7612,37,29,0,919,0,195,682,6,15,231,8,517,5746,0,0,971,549,1904,0,4,60
2020-11-13,0,10880,9,64,6,106,5,0,48331,4024,1634,8651,58,51,5,883,0,0,732,88,0,365,53,0,7646,0,0,1163,609,2575,0,9,80
2020-11-14,0,11163,8,39,0,76,2,0,33207,5516,1592,8686,54,33,0,1161,0,0,580,44,16,299,89,0,5658,0,0,887,547,2231,0,7,95
2020-11-15,0,11859,0,0,0,119,0,0,29070,4741,1646,8685,27,0,0,953,0,0,596,62,0,611,57,0,5558,0,0,1125,739,2413,0,7,88
2020-11-16,0,8468,0,0,0,68,0,0,38307,4613,1597,8307,22,0,0,668,1,83,166,70,11,476,104,0,5860,0,0,832,673,2249,0,6,74
2020-11-17,0,5645,23,93,1,78,0,2,14134,4146,1331,7742,49,125,0,381,0,0,147,29,9,547,45,0,3269,0,0,1344,509,2112,0,0,73
2020-11-18,0,7893,6,56,0,22,1,0,13371,6115,1006,6471,28,34,0,428,0,0,698,51,3,137,30,0,2874,0,50,1014,525,1257,0,1,74
2020-11-19,0,10621,8,11,0,37,0,1,35294,4276,948,5911,37,41,0,1146,3,44,651,16,0,249,60,359,1757,0,0,1054,758,1663,0,3,104
2020-11-20,0,10332,9,25,3,38,1,0,34091,4641,1454,6875,21,67,4,996,0,0,685,24,17,0,69,0,3918,0,0,1112,782,2020,0,4,88
2020-11-21,0,10097,8,19,0,60,3,0,35918,4642,1573,7487,38,79,0,594,5,0,691,62,3,63,63,0,4472,0,0,1256,856,1966,0,2,81
2020-11-22,0,9608,0,0,2,38,0,0,38397,4968,1558,7954,35,0,0,1036,0,0,660,29,3,628,89,0,6426,0,0,1200,563,2170,0,5,100
2020-11-23,1,7140,0,46,4,54,0,0,32622,4992,1497,7049,48,0,5,767,0,0,212,88,0,256,44,0,6719,0,0,1288,799,1994,0,6,87
2020-11-24,0,4184,38,18,0,73,0,3,18615,4792,1440,7924,33,188,0,301,0,0,93,40,10,480,59,0,9187,0,0,1206,619,1589,0,1,135
2020-11-25,0,4265,6,29,1,66,8,0,16207,7052,1007,6562,71,24,0,492,0,0,627,21,5,296,79,0,7483,0,46,875,596,887,0,1,64
2020-11-26,0,7164,14,9,2,86,4,0,31100,4889,1005,7515,76,54,0,794,0,119,640,35,19,361,66,322,10794,0,0,1272,819,1882,0,3,107
2020-11-27,0,8593,27,13,4,88,2,0,47898,5022,1570,8497,49,102,3,908,0,0,696,47,8,544,53,0,10335,0,0,1602,987,2020,0,5,118
2020-11-28,0,9043,13,14,4,92,1,0,37614,5631,1561,9496,35,117,5,1396,0,0,447,40,8,565,59,0,8107,0,0,1755,639,1888,0,2,129
2020-11-29,0,7846,0,0,0,72,5,0,34130,5967,1718,10023,63,0,0,1375,0,0,666,34,0,453,69,0,12081,0,0,1457,919,1977,0,4,186
2020-11-30,2,6098,0,7,5,60,4,0,51922,5746,1489,9103,60,0,0,1208,0,0,173,28,8,379,40,0,10008,0,0,1709,695,2044,0,1,208
2020-12-01,0,5432,47,14,1,96,9,1,24468,5468,1313,8763,51,318,0,568,0,34,91,38,22,375,54,73,6388,0,0,1276,775,2162,0,0,205
2020-12-02,0,5726,7,24,2,111,0,0,21138,7861,1121,8430,97,15,0,988,0,0,712,30,2,365,47,0,6472,0,42,1077,518,1075,0,0,141
2020-12-03,0,8037,27,2,0,0,7,1,50909,5329,1034,7986,75,124,0,1203,0,49,686,17,7,388,54,34,8819,0,0,1505,1055,1623,0,7,167
2020-12-04,0,7533,30,6,1,1141,5,1,49863,6307,1508,9297,75,155,0,1008,0,0,593,26,10,503,47,0,11251,0,0,2028,1003,1847,0,1,201
2020-12-05,1,7629,21,16,2,241,6,0,50434,6495,1729,9233,79,82,0,0,0,0,752,79,34,616,76,0,11030,0,0,1880,995,1771,0,2,230
2020-12-06,0,6899,0,5,4,147,10,0,46884,6299,1533,9285,104,0,0,1507,0,0,547,73,23,200,76,0,12127,0,0,2388,1022,2014,0,0,276
2020-12-07,0,5201,0,5,0,218,0,0,43209,6352,1714,9642,68,0,0,607,2,0,198,36,0,763,57,0,11625,0,0,2300,714,1828,0,2,234
2020-12-08,2,3278,42,4,2,168,18,1,26363,6261,1760,8854,124,396,0,246,0,24,124,28,29,300,64,33,7455,0,0,1812,707,1224,0,0,338
2020-12-09,1,3199,1,1,2,184,0,0,20371,7872,1392,5997,76,38,0,508,0,0,799,32,0,684,87,0,6399,0,38,1511,803,1204,0,1,202
2020-12-10,0,3610,18,5,1,60,34,0,51088,5981,1244,7510,124,72,0,476,0,0,654,3,35,468,98,0,11006,0,0,1936,698,1505,0,1,301
2020-12-11,0,5303,12,38,0,506,24,3,53453,6295,1662,7523,75,79,2,1151,0,0,659,32,0,617,74,0,11974,0,0,1811,725,691,0,7,298
2020-12-12,0,8154,15,0,1,286,0,1,53347,6739,1534,7778,86,79,0,386,0,0,755,79,31,415,66,0,11897,0,0,2447,812,1799,0,4,383
2020-12-13,0,5952,0,36,1,160,27,0,54428,6772,1807,8998,87,0,0,759,0,0,558,28,26,501,99,0,12253,0,0,2355,1155,1832,0,2,362
2020-12-14,0,5274,0,15,0,208,0,0,43900,6011,2138,8163,69,0,0,586,26,0,183,40,18,335,102,0,12057,0,0,2806,800,2102,0,10,331
2020-12-15,0,3558,38,16,4,122,40,4,21825,5891,1911,8702,69,220,1,70,2,47,123,41,56,316,82,48,8608,0,0,2422,669,1928,0,4,528
2020-12-16,0,5062,7,8,1,82,25,0,25193,8119,1499,8742,96,37,0,176,0,0,677,23,32,283,83,0,5930,0,39,1612,641,1157,0,6,321
2020-12-17,0,6981,23,16,4,134,11,0,42889,6352,1402,10130,83,38,0,1105,14,0,746,30,0,301,32,0,11228,0,0,2368,1130,1545,0,22,389
2020-12-18,0,6843,27,11,0,161,18,0,70574,6416,2001,11953,100,68,0,788,0,0,607,43,30,374,61,0,10297,0,0,2960,856,1782,0,20,475
2020-12-19,0,7326,18,8,4,119,12,0,69826,7008,2403,12196,122,56,0,0,9,0,627,26,21,157,71,0,11799,0,0,3348,819,2061,0,27,543
2020-12-20,0,7002,0,0,2,138,19,0,52544,6708,2219,13277,131,0,0,1671,0,59,533,34,26,738,96,33,12248,0,0,3015,1268,2242,0,31,514
2020-12-21,0,5795,0,32,0,94,11,0,50177,6248,2191,13990,103,0,4,337,0,0,170,29,0,648,89,0,12129,0,0,3274,861,2139,0,52,607
2020-12-22,0,4116,39,3,14,72,0,1,25445,6201,1943,11160,115,124,0,72,13,0,102,20,89,162,65,0,6870,0,42,2755,632,1618,0,41,491
2020-12-23,0,5853,13,4,1,50,20,0,25019,7519,1701,10845,142,27,0,35,0,0,734,46,8,168,65,0,5370,0,0,1699,823,958,0,31,429
2020-12-24,1,8141,23,6,5,112,6,1,55202,6195,1725,12526,116,32,0,720,2,0,655,45,34,398,69,0,12511,0,0,3164,932,1678,0,86,524
2020-12-25,0,8586,29,10,2,113,8,2,46696,6845,2396,14233,0,45,4,926,3,0,638,42,41,448,96,0,11653,0,0,3059,827,3829,0,65,709
2020-12-26,0,7815,0,0,16,120,0,0,60076,6889,2521,14940,400,0,0,818,4,0,186,8,0,385,78,0,12485,0,0,3413,958,0,0,76,747
2020-12-27,1,2874,0,0,2,0,0,0,22967,1430,2563,14941,138,0,0,446,0,63,91,23,0,238,87,438,9679,0,0,2986,559,1564,0,70,391
2020-12-28,0,3713,0,0,9,0,20,0,17246,9827,1711,10196,167,0,0,81,0,0,138,4,112,438,39,0,4974,0,0,2064,274,772,0,58,370
2020-12-29,1,5660,77,46,0,71,0,1,18479,6774,1923,9594,229,93,0,403,14,0,132,5,0,616,9,0,6217,0,0,2633,260,1339,0,40,510
2020-12-30,0,6586,18,12,9,30,0,0,20548,5790,1958,9310,167,7,0,568,0,0,846,0,41,390,20,0,5996,0,39,2348,952,1251,0,35,578
2020-12-31,0,11650,50,11,7,77,14,3,58718,6442,1964,11015,86,28,0,1186,0,0,879,3,0,809,41,0,12099,0,0,4574,762,1588,0,85,656
2021-01-01,0,11765,69,14,0,56,9,3,55649,7476,3023,11639,176,51,0,1000,0,0,846,18,16,915,34,19,12406,0,0,4465,822,2118,0,83,518
2021-01-02,1,11586,0,16,11,52,0,0,56773,8420,3591,16314,193,0,0,866,0,0,224,13,0,936,88,0,12159,0,0,4046,974,2523,0,29,639
2021-01-03,1,4080,0,12,12,31,0,0,24605,6875,3338,12105,169,0,0,1135,0,0,80,19,62,211,16,0,11091,0,0,2943,417,2062,0,67,634
2021-01-04,0,5240,0,15,0,0,18,0,15827,6808,2289,11528,199,0,0,101,0,0,159,7,50,170,118,0,6359,0,0,2031,369,900,0,66,522
2021-01-05,0,5884,122,10,211,94,0,52,17341,6578,2450,9412,316,87,0,466,0,82,181,0,0,225,154,26,5211,0,0,1972,355,1376,0,50,548
2021-01-06,0,8222,42,4,37,37,2,8,20006,9761,2460,10311,224,6,0,1003,0,0,763,21,0,29,43,0,6464,0,38,2494,764,1583,0,100,603
2021-01-07,0,13790,110,17,49,80,8,12,56648,7222,2382,16835,201,19,9,1294,0,0,783,28,0,424,84,0,11271,0,0,3540,959,960,0,93,678
2021-01-08,0,13441,95,14,51,90,4,12,63430,8153,3693,16805,314,36,0,1008,0,0,872,0,76,1077,38,0,13345,0,0,5186,898,2414,0,80,944
2021-01-09,0,13835,72,10,37,44,5,5,87843,8335,4205,17576,344,27,1,763,1,0,990,62,38,658,43,0,13734,0,0,4135,1162,2258,0,84,759
2021-01-10,0,13346,0,8,28,50,5,0,52035,9214,4361,18221,365,0,0,1201,4,0,1063,0,0,839,44,0,14362,0,0,3946,1138,2781,0,104,532
2021-01-11,0,11057,0,18,70,64,6,0,62290,8125,4181,15795,388,0,0,721,0,0,116,72,31,830,93,0,16105,0,0,3735,1032,2804,0,94,635
2021-01-12,0,7808,159,9,0,37,0,31,29792,7816,3969,15537,431,53,0,436,0,132,717,33,0,719,89,110,10003,0,0,2424,707,2909,0,60,1212
2021-01-13,0,8704,26,0,6,29,4,25,25822,7892,3243,15003,487,6,3,1061,4,0,1044,14,114,756,123,0,7594,0,49,2157,802,2166,0,56,715
2021-01-14,0,13783,86,0,84,34,5,5,64025,6292,3390,14179,550,5,0,1748,0,0,982,65,29,1104,92,0,14395,0,0,3740,1055,2881,0,114,945
2021-01-15,0,12725,74,17,39,53,3,3,60899,6855,4187,15898,505,19,0,1687,0,0,951,43,154,1204,63,0,15873,0,0,3315,1002,3409,0,69,629
2021-01-16,0,13286,68,11,29,37,3,11,67758,7563,4468,17121,547,10,0,864,0,0,623,49,66,954,77,0,16468,0,0,2877,1048,5022,0,53,1514
2021-01-17,0,12332,0,0,0,73,3,0,69198,6816,4313,21078,405,0,1,3942,0,0,1038,60,146,449,104,0,21366,0,0,2307,1149,7361,0,109,957
2021-01-18,0,8932,0,0,59,0,0,0,61567,6476,4339,20855,0,0,0,674,0,0,290,46,0,1095,65,0,20523,0,0,2677,859,4544,0,60,723
2021-01-19,0,7264,139,35,0,51,0,11,33040,6436,3918,17379,942,22,0,162,0,114,258,57,71,604,113,75,11170,0,0,1750,512,4342,0,58,709
2021-01-20,0,8185,16,1,0,12,13,6,23671,6453,3401,14719,330,3,0,924,0,0,1131,23,55,827,145,0,8074,0,37,1342,428,3893,0,97,485
2021-01-21,0,12141,72,7,61,23,1,2,62094,4679,3589,15939,349,4,3,1747,0,0,1047,19,56,1130,68,0,18894,0,0,2173,771,4412,1,85,583
2021-01-22,0,12112,39,13,0,27,0,1,64385,5744,4367,17908,408,8,0,1874,0,0,1071,65,0,830,63,0,20548,0,0,2243,1088,5461,0,74,848
2021-01-23,0,11396,61,13,0,34,2,1,59119,5955,4959,15366,530,2,0,969,8,108,561,52,72,1146,108,68,22339,0,0,1975,1071,4232,0,97,698
2021-01-24,0,10753,0,9,87,24,0,0,56552,5957,4581,15073,567,0,0,1074,0,0,934,76,64,1138,114,0,21007,0,0,2041,852,5189,0,65,1178
2021-01-25,0,8362,0,17,98,22,0,0,62334,5124,4463,15551,634,0,0,3060,1,0,322,79,82,1056,107,0,20057,0,0,2058,711,5842,0,55,797
2021-01-26,1,5031,100,6,46,28,0,4,28323,4852,4068,12516,567,11,0,275,0,0,218,76,105,691,133,0,10872,0,0,1393,571,5075,0,57,666
2021-01-27,0,7578,19,7,14,20,0,2,26816,5628,3322,12261,786,0,0,579,0,0,1029,19,0,1055,141,0,8521,0,39,914,714,3782,0,55,408
2021-01-28,0,10409,26,21,26,18,2,4,61963,4011,3388,13606,825,10,0,1389,0,0,1038,29,0,896,88,0,17165,0,0,1676,1028,4444,0,62,639
2021-01-29,0,10843,41,6,16,28,1,2,63520,4204,4255,13953,666,9,4,2465,0,0,1098,34,116,1127,194,0,17944,0,0,1566,769,6731,0,69,648
2021-01-30,0,9471,49,0,4,29,1,0,61811,4877,4606,12270,659,7,0,0,0,0,741,90,58,985,27,0,18670,0,0,1408,754,5715,0,50,559
2021-01-31,1,9838,0,7,51,32,1,0,59826,4690,4151,10058,910,0,0,3779,0,100,782,58,73,1118,65,0,16374,0,0,1445,969,6190,0,71,642
2021-02-01,0,6902,0,9,47,31,0,0,58462,4255,4209,9173,1012,0,0,1049,0,0,386,53,0,990,126,0,15337,0,0,1200,662,7147,0,39,652
2021-02-02,0,4975,108,24,0,0,0,4,27756,3924,3779,8078,906,11,0,158,0,0,128,60,57,743,125,72,7030,0,0,926,679,5217,0,35,557
2021-02-03,0,6614,20,18,13,37,1,0,24591,4617,3147,9622,1044,0,4,293,0,0,667,13,82,1108,195,0,5448,0,35,724,554,4477,0,11,390
2021-02-04,0,9695,42,6,28,12,0,0,54096,2828,2610,10091,893,6,0,1111,0,0,667,24,20,840,100,0,4384,0,0,1098,701,7048,0,48,539
2021-02-05,0,9196,55,16,25,21,0,0,56002,3234,3592,11025,816,4,0,949,0,0,699,36,0,1312,177,0,12153,0,0,1181,747,8573,0,59,548
2021-02-06,0,8891,51,9,45,30,0,0,56873,4083,3782,9790,845,2,0,2073,0,0,630,66,66,1122,263,0,13575,0,0,1107,794,6715,0,39,589
2021-02-07,0,8374,0,14,20,5,0,0,50872,4022,4063,7248,821,0,0,1703,0,0,642,107,48,1028,328,0,13051,2,0,998,867,7993,0,24,499
2021-02-08,0,6680,0,17,0,24,0,0,50630,3301,3804,8547,820,0,0,1167,0,0,200,52,0,652,244,0,13209,2,0,977,713,7433,0,31,509
2021-02-09,0,3658,89,2,33,0,0,2,26845,3203,3464,6009,653,16,0,325,0,146,110,43,102,663,213,79,6065,0,0,627,515,6220,0,21,499
2021-02-10,1,5154,15,2,23,33,2,0,23439,3860,2839,4246,580,0,0,1176,0,0,746,41,61,1167,403,0,3868,1,37,563,827,4523,0,19,339
2021-02-11,0,7794,48,11,82,9,0,0,51486,2677,2387,5442,858,7,0,293,0,0,753,18,22,871,207,0,10738,0,0,822,874,5557,0,20,503
2021-02-12,0,7739,33,9,43,28,0,1,59602,3185,3731,6443,850,8,0,2237,0,0,786,51,25,862,329,0,11138,1,0,891,978,6724,0,29,625
2021-02-13,0,7311,19,0,47,7,0,3,54742,3181,4164,6294,823,5,0,1204,0,0,751,43,0,887,290,0,10677,0,0,708,978,8807,0,26,476
2021-02-14,0,13208,0,0,43,20,0,0,51546,3143,3924,5528,888,0,0,2010,0,0,788,46,127,669,303,0,10388,0,0,910,823,8439,0,13,574
2021-02-15,0,4245,0,0,114,11,0,0,44299,3047,3814,4947,806,0,0,1696,0,0,208,26,0,764,205,0,9741,1,0,707,845,6457,0,16,631
